{"cameraMode":{"drawMode":0,"name":"Shaded","section":"Shading Mode"},"sceneLighting":false,"audioPlay":false,"sceneViewState":{"m_AlwaysRefresh":false,"showFog":true,"showSkybox":false,"showFlares":true,"showImageEffects":true,"showParticleSystems":true,"showVisualEffectGraphs":true,"m_FxEnabled":true},"in2DMode":false,"pivot":{"x":64.72898864746094,"y":15.13991641998291,"z":-4.3737053871154789},"rotation":{"x":0.038457803428173068,"y":-0.45415931940078738,"z":-0.01962820440530777,"w":-0.8898776173591614},"size":2.0886058807373049,"orthographic":false}