{"cameraMode":{"drawMode":0,"name":"Shaded","section":"Shading Mode"},"sceneLighting":false,"audioPlay":false,"sceneViewState":{"m_AlwaysRefresh":false,"showFog":true,"showSkybox":false,"showFlares":true,"showImageEffects":true,"showParticleSystems":true,"showVisualEffectGraphs":true,"m_FxEnabled":true},"in2DMode":false,"pivot":{"x":0.5415021777153015,"y":4.675351142883301,"z":-1.6164617538452149},"rotation":{"x":0.02018875628709793,"y":-0.9794219136238098,"z":0.12736038863658906,"w":0.15528349578380586},"size":5.196764945983887,"orthographic":false}