Number of policies,Training time,SPS
1,23.7769303321838,126172.72112453
5,59.7522070407868,251036.752328848
10,98.0424628257751,305989.865363858
15,133.344275951386,337472.303771075
20,173.232261419296,346355.808718414
25,202.695853471756,370012.50255201
30,236.158721208572,381099.624605915
