Number of policies,Training time,SPS
1,23.8886811733246,125582.487297372
5,61.0103323459625,245859.994909414
10,98.600243806839,304258.882551761
15,133.584463834763,336865.520946079
20,172.296160936356,348237.590866365
25,205.256012201309,365397.335725504
30,237.229826688766,379378.939217771
