Number of policies,Time
1,12.364731788635254
5,24.689969062805176
10,35.659669160842896
15,47.52377462387085
20,58.00249481201172
25,68.80509209632874
30,79.73088264465332
