Number of policies,Time
1,12.381286859512329
5,24.875391244888306
10,35.57942485809326
15,47.47426176071167
20,57.36288094520569
25,68.82630920410156
30,79.72307968139648
