Number of policies,Time
1,11.875551223754883
5,24.065223693847656
10,34.712677001953125
15,46.247963428497314
20,57.32449913024902
25,68.78282260894775
30,79.16512036323547
