Number of policies,Time
1,12.178658962249756
5,24.27329158782959
10,35.30119276046753
15,47.29016733169556
20,57.30336093902588
25,69.41520857810974
30,79.09497404098511
