Number of policies,Training time,SPS
1,23.9175381660461,125430.969490784
5,60.2791266441345,248842.357795832
10,98.7029845714569,303942.176928614
15,135.121108531952,333034.567943608
20,168.298227548599,356509.993444072
25,202.884317874908,369668.788527275
30,236.880915880203,379937.74072334
