Number of policies,Time
1,12.46306300163269
5,24.66670274734497
10,35.56144309043884
15,47.465909004211426
20,58.1113224029541
25,70.02445149421692
30,79.69039630889893
