Number of policies,Training time,SPS
1,23.9140977859497,125449.014504013
5,61.3511810302734,244494.070824787
10,98.5067100524902,304547.781405086
15,134.219535112381,335271.61275236
20,171.788873910904,349265.925284068
25,203.054842710495,369358.341809809
30,232.59632229805,386936.470494463
