Number of policies,Time
1,11.921058893203735
5,24.64188289642334
10,35.231943130493164
15,46.814889669418335
20,57.35792684555054
25,69.16549801826477
30,79.39751720428467
