Number of policies,Time
1,12.246165990829468
5,24.191718816757202
10,35.39716053009033
15,47.11583971977234
20,56.92422604560852
25,68.36186361312866
30,79.39440870285034
