Number of policies,Training time,SPS
1,23.9204776287079,125415.555933531
5,61.1697359085083,245219.30293169
10,98.9577798843384,303159.590231955
15,134.231626749039,335241.411356301
20,169.541033267975,353896.628111052
25,203.718919992447,368154.317737305
30,242.112987279892,371727.270854564
