Number of policies,Training time,SPS
1,23.9219737052917,125407.712463808
5,60.8027589321137,246699.331797551
10,99.1582000255585,302546.839215187
15,133.46451830864,337168.264421684
20,169.822755813599,353309.54154258
25,203.285086393356,368940.001111912
30,236.127887964249,381149.388053759
