Number of policies,Training time,SPS
1,10.467562437057495,125415.555933531
5,22.727304220199585,245219.30293169
10,36.06394076347351,303159.590231955
15,45.697879791259766,335241.411356301
20,56.447495460510254,353896.628111052
25,67.44395232200623,368154.317737305
30,78.01891803741455,371727.270854564
