Number of policies,Training time,SPS
1,24.3509042263031,123198.710492216
5,60.2125878334045,249117.344723695
10,96.2325439453125,311744.850235369
15,131.950460195541,341037.082654453
20,167.311913251877,358611.642374049
25,203.141361474991,369201.030530818
30,237.812441825867,378449.501249815
