Number of policies,Training time,SPS
1,23.6292355060577,126961.365264268
5,60.9933865070343,245928.302378653
10,99.2819066047668,302169.861820115
15,132.880254745483,338650.765579824
20,168.759505033493,355535.529617085
25,203.399128198624,368733.143864613
30,235.624603033066,381963.508230802
