Number of policies,Training time,SPS
1,23.8611149787903,125727.569841839
5,60.2098276615143,249128.764897427
10,100.010224342346,299969.330108756
15,133.981326580048,335867.699989629
20,169.52486205101,353930.386812207
25,204.441735744476,366852.686546056
30,234.932954072952,383088.019112265
