Number of policies,Training time,SPS
1,10.47065806388855,123198.710492216
5,24.140252113342285,249117.344723695
10,35.011651039123535,311744.850235369
15,46.60617113113403,341037.082654453
20,57.751004219055176,358611.642374049
25,70.24499940872192,369201.030530818
30,80.32918310165405,378449.501249815
