Number of policies,Time
1,12.08454704284668
5,24.13331890106201
10,34.95955276489258
15,46.87624144554138
20,56.944597244262695
25,68.35019159317017
30,79.2150330543518
