Number of policies,Time
1,11.914857864379883
5,24.011901378631592
10,34.91643762588501
15,46.522496938705444
20,57.96566653251648
25,68.58181643486023
30,78.55676817893982
