Number of policies,Time
1,12.1740083694458
5,24.21171522140503
10,35.19995927810669
15,47.07384371757507
20,57.67961072921753
25,69.23193287849426
30,79.5712034702301
