Number of policies,Time
1,11.89269757270813
5,24.15184783935547
10,34.69103717803955
15,46.26746869087219
20,57.11596941947937
25,68.81033849716187
30,79.36264109611511
