Number of policies,Time
1,12.536115646362305
5,24.76083207130432
10,35.61005210876465
15,47.50662922859192
20,57.263627767562866
25,68.59617590904236
30,79.70580959320068
