Number of policies,Time
1,12.622607946395874
5,24.762990713119507
10,35.596816539764404
15,47.53106927871704
20,57.45025086402893
25,69.00629997253418
30,79.78445720672607
