Number of policies,Time
1,12.160516023635864
5,24.276552438735962
10,35.32888078689575
15,47.346774101257324
20,56.98126673698425
25,68.87659931182861
30,79.47238159179688
