Number of policies,Time
1,12.479321241378784
5,24.622517108917236
10,35.71712875366211
15,47.621243476867676
20,58.006102085113525
25,68.94356679916382
30,79.45730376243591
