Number of policies,Time
1,11.838811159133911
5,24.064838886260986
10,34.958165645599365
15,46.67043995857239
20,57.26743125915527
25,68.31586742401123
30,79.29091382026672
