Number of policies,Time
1,12.35863995552063
5,24.730037212371826
10,35.50171518325806
15,47.58742880821228
20,58.12117028236389
25,68.94046831130981
30,79.76139402389526
