Number of policies,Time
1,12.520633935928345
5,24.728877544403076
10,35.622660636901855
15,47.66019582748413
20,57.903066635131836
25,68.58017659187317
30,79.73123741149902
