Number of policies,Training time,SPS
1,23.9051370620728,125496.038454417
5,60.4329144954681,248209.111296872
10,98.1974945068359,305506.776427087
15,133.46451830864,337168.264421684
20,169.206522464752,354596.259801384
25,204.455878734589,366827.309951602
30,235.345525979996,382416.447583754
