Number of policies,Time
1,12.4183349609375
5,25.370189666748047
10,36.54379105567932
15,47.41802430152893
20,57.00637245178223
25,69.17804551124573
30,79.30909705162048
