Number of policies,Time
1,12.307785511016846
5,24.71953320503235
10,35.658419609069824
15,47.644371509552
20,57.48578882217407
25,69.12683749198914
30,79.32468867301941
